{"LastSpawn":{"x":0.0,"y":0.0,"z":0.0},"LastColor":{"r":0.32204341888427737,"g":0.2879600524902344,"b":0.4448513090610504,"a":1.0},"CountSpawnPoint":0}